[{"id":"1683651652707","name":"Button 1","text":"hi","width":200,"height":250,"borderStyle":"solid","borderRadius":"10","borderWidth":"2","font":"Arial","fontSize":"16","color":"#000000","backgroundColor":"#ff0000","url":"http://localhost:8080/postbutton","method":"POST","css":"{}","userId":"U92181806","posX":495.203125,"posY":16.1875},{"id":"1683651672490","name":"Button 1","text":"hello!","width":200,"height":250,"borderStyle":"solid","borderRadius":"10","borderWidth":"2","font":"Arial","fontSize":"15","color":"#000000","backgroundColor":"#1eff00","url":"http://localhost:8080/getbutton","method":"GET","css":"{}","userId":"U92181806","posX":495,"posY":280}]