[{"id":1686165823126,"text":"The first button!","width":107,"height":65,"borderStyle":"ridge","borderRadius":"6","borderWidth":"3","font":"Arial","fontSize":"16","color":"#ffffff","backgroundColor":"#901890","url":"http://localhost:8080/postbutton","method":"POST","css":"{}","posX":102.66668701171875,"posY":91.66665649414062},{"id":1686165853430,"text":"The second button!","width":107,"height":65,"borderStyle":"ridge","borderRadius":"6","borderWidth":"3","font":"Arial","fontSize":"16","color":"#ffffff","backgroundColor":"#23a602","url":"http://localhost:8080/getbutton","method":"GET","css":"{}","posX":403.60003662109375,"posY":229.5999755859375}]